[
  {
    "eventTimestamp": "28/11/2023 14:48:34",
    "userID": "johnchan",
    "eventName": "Player_Stats",
    "eventUUID": "f04b1001941164bc6c6a1d0beabae8d7",
    "GA_Value": 0.0,
    "eventParams": {
      "WallsDestroyed": 0,
      "EnvelopesCollected": 12,
      "BulletsFired": 0,
      "PowerupsCollected": 2,
      "Score": 120,
      "FirstKeypressFire": 0.0,
      "FirstBulletPickupCollected": 32.3527527,
      "FirstMovementDetected": 16.90203,
      "TimeOfDeath": 0.0
    }
  },
  {
    "eventTimestamp": "28/11/2023 14:49:09",
    "userID": "johnchan",
    "eventName": "Player_Stats",
    "eventUUID": "8b7d99c5090b8a998cf66efb40cf4535",
    "GA_Value": 0.0,
    "eventParams": {
      "WallsDestroyed": 0,
      "EnvelopesCollected": 4,
      "BulletsFired": 1,
      "PowerupsCollected": 1,
      "Score": 40,
      "FirstKeypressFire": 95.13964,
      "FirstBulletPickupCollected": 90.5201645,
      "FirstMovementDetected": 74.67026,
      "TimeOfDeath": 0.0
    }
  },
  {
    "eventTimestamp": "28/11/2023 14:50:10",
    "userID": "johnchan",
    "eventName": "Player_Stats",
    "eventUUID": "c9e01fd27651920d8682e4a5f03daf06",
    "GA_Value": 0.0,
    "eventParams": {
      "WallsDestroyed": 6,
      "EnvelopesCollected": 11,
      "BulletsFired": 35,
      "PowerupsCollected": 3,
      "Score": 180,
      "FirstKeypressFire": 120.338257,
      "FirstBulletPickupCollected": 119.703743,
      "FirstMovementDetected": 103.70433,
      "TimeOfDeath": 0.0
    }
  },
  {
    "eventTimestamp": "28/11/2023 14:55:02",
    "userID": "Keelan",
    "eventName": "Player_Stats",
    "eventUUID": "073b2820f44125310e60c208a3e9e8b6",
    "GA_Value": 0.0,
    "eventParams": {
      "WallsDestroyed": 0,
      "EnvelopesCollected": 8,
      "BulletsFired": 0,
      "PowerupsCollected": 1,
      "Score": 80,
      "FirstKeypressFire": 0.0,
      "FirstBulletPickupCollected": 49.6167641,
      "FirstMovementDetected": 16.5494385,
      "TimeOfDeath": 0.0
    }
  },
  {
    "eventTimestamp": "28/11/2023 14:55:17",
    "userID": "Keelan",
    "eventName": "Player_Stats",
    "eventUUID": "d2fb9f295fee7d43aea5bc7fb6f38674",
    "GA_Value": 0.0,
    "eventParams": {
      "WallsDestroyed": 0,
      "EnvelopesCollected": 2,
      "BulletsFired": 0,
      "PowerupsCollected": 0,
      "Score": 20,
      "FirstKeypressFire": 0.0,
      "FirstBulletPickupCollected": 0.0,
      "FirstMovementDetected": 60.6665421,
      "TimeOfDeath": 0.0
    }
  },
  {
    "eventTimestamp": "28/11/2023 14:55:54",
    "userID": "Keelan",
    "eventName": "Player_Stats",
    "eventUUID": "9f69093846ae6e1a2223e94b7f27551b",
    "GA_Value": 0.0,
    "eventParams": {
      "WallsDestroyed": 0,
      "EnvelopesCollected": 9,
      "BulletsFired": 0,
      "PowerupsCollected": 1,
      "Score": 90,
      "FirstKeypressFire": 0.0,
      "FirstBulletPickupCollected": 107.067558,
      "FirstMovementDetected": 75.31731,
      "TimeOfDeath": 0.0
    }
  },
  {
    "eventTimestamp": "28/11/2023 14:56:02",
    "userID": "Keelan",
    "eventName": "Player_Stats",
    "eventUUID": "f3b794eb87cbd16c9b03cf262573d9fc",
    "GA_Value": 0.0,
    "eventParams": {
      "WallsDestroyed": 0,
      "EnvelopesCollected": 0,
      "BulletsFired": 0,
      "PowerupsCollected": 0,
      "Score": 0,
      "FirstKeypressFire": 0.0,
      "FirstBulletPickupCollected": 0.0,
      "FirstMovementDetected": 115.584557,
      "TimeOfDeath": 0.0
    }
  },
  {
    "eventTimestamp": "28/11/2023 14:56:13",
    "userID": "Keelan",
    "eventName": "Player_Stats",
    "eventUUID": "0284dc4ddd4a065f034e245885e12e94",
    "GA_Value": 0.0,
    "eventParams": {
      "WallsDestroyed": 0,
      "EnvelopesCollected": 2,
      "BulletsFired": 0,
      "PowerupsCollected": 0,
      "Score": 20,
      "FirstKeypressFire": 0.0,
      "FirstBulletPickupCollected": 0.0,
      "FirstMovementDetected": 122.567894,
      "TimeOfDeath": 0.0
    }
  },
  {
    "eventTimestamp": "28/11/2023 14:57:52",
    "userID": "Keelan",
    "eventName": "Player_Stats",
    "eventUUID": "6bcbf1a858c27ed42d4976d9558cdfcd",
    "GA_Value": 0.0,
    "eventParams": {
      "WallsDestroyed": 5,
      "EnvelopesCollected": 19,
      "BulletsFired": 5,
      "PowerupsCollected": 5,
      "Score": 215,
      "FirstKeypressFire": 151.937576,
      "FirstBulletPickupCollected": 148.3352,
      "FirstMovementDetected": 132.13504,
      "TimeOfDeath": 0.0
    }
  },
  {
    "eventTimestamp": "28/11/2023 15:23:27",
    "userID": "Jack",
    "eventName": "Player_Stats",
    "eventUUID": "cdbecdb2e93f2f37255d855594146d7d",
    "GA_Value": 0.0,
    "eventParams": {
      "WallsDestroyed": 0,
      "EnvelopesCollected": 0,
      "BulletsFired": 0,
      "PowerupsCollected": 0,
      "Score": 0,
      "FirstKeypressFire": 0.0,
      "FirstBulletPickupCollected": 0.0,
      "FirstMovementDetected": 10.9902964,
      "TimeOfDeath": 0.0
    }
  },
  {
    "eventTimestamp": "28/11/2023 15:23:43",
    "userID": "Jack",
    "eventName": "Player_Stats",
    "eventUUID": "e08b56c069a188bcb3e4e747226dfc42",
    "GA_Value": 0.0,
    "eventParams": {
      "WallsDestroyed": 0,
      "EnvelopesCollected": 2,
      "BulletsFired": 0,
      "PowerupsCollected": 0,
      "Score": 20,
      "FirstKeypressFire": 0.0,
      "FirstBulletPickupCollected": 0.0,
      "FirstMovementDetected": 15.84041,
      "TimeOfDeath": 0.0
    }
  },
  {
    "eventTimestamp": "28/11/2023 15:24:02",
    "userID": "Jack",
    "eventName": "Player_Stats",
    "eventUUID": "53e8c585f46c1f671c8968e59e39d636",
    "GA_Value": 0.0,
    "eventParams": {
      "WallsDestroyed": 0,
      "EnvelopesCollected": 3,
      "BulletsFired": 0,
      "PowerupsCollected": 1,
      "Score": 30,
      "FirstKeypressFire": 0.0,
      "FirstBulletPickupCollected": 47.97469,
      "FirstMovementDetected": 31.3575382,
      "TimeOfDeath": 0.0
    }
  },
  {
    "eventTimestamp": "28/11/2023 15:24:55",
    "userID": "Jack",
    "eventName": "Player_Stats",
    "eventUUID": "bef41275fc83fd1f1a390f908e40b7a5",
    "GA_Value": 0.0,
    "eventParams": {
      "WallsDestroyed": 6,
      "EnvelopesCollected": 10,
      "BulletsFired": 40,
      "PowerupsCollected": 3,
      "Score": 170,
      "FirstKeypressFire": 68.45867,
      "FirstBulletPickupCollected": 67.6243744,
      "FirstMovementDetected": 51.30785,
      "TimeOfDeath": 0.0
    }
  },
  {
    "eventTimestamp": "28/11/2023 15:25:47",
    "userID": "Jack",
    "eventName": "Player_Stats",
    "eventUUID": "3ec4aa7cff8fc91f40763d29711e62e9",
    "GA_Value": 0.0,
    "eventParams": {
      "WallsDestroyed": 9,
      "EnvelopesCollected": 10,
      "BulletsFired": 42,
      "PowerupsCollected": 2,
      "Score": 185,
      "FirstKeypressFire": 124.310509,
      "FirstBulletPickupCollected": 123.30899,
      "FirstMovementDetected": 106.87513,
      "TimeOfDeath": 0.0
    }
  },
  {
    "eventTimestamp": "28/11/2023 15:30:44",
    "userID": "michael",
    "eventName": "Player_Stats",
    "eventUUID": "f52f750e471b6fab8e9162a104be8639",
    "GA_Value": 0.0,
    "eventParams": {
      "WallsDestroyed": 0,
      "EnvelopesCollected": 4,
      "BulletsFired": 0,
      "PowerupsCollected": 1,
      "Score": 40,
      "FirstKeypressFire": 0.0,
      "FirstBulletPickupCollected": 54.32346,
      "FirstMovementDetected": 38.90708,
      "TimeOfDeath": 0.0
    }
  },
  {
    "eventTimestamp": "28/11/2023 15:32:57",
    "userID": "michael",
    "eventName": "Player_Stats",
    "eventUUID": "9ad9ac2765d2541a8820d93458f91929",
    "GA_Value": 0.0,
    "eventParams": {
      "WallsDestroyed": 20,
      "EnvelopesCollected": 30,
      "BulletsFired": 29,
      "PowerupsCollected": 7,
      "Score": 440,
      "FirstKeypressFire": 81.54309,
      "FirstBulletPickupCollected": 78.37384,
      "FirstMovementDetected": 61.5575142,
      "TimeOfDeath": 0.0
    }
  },
  {
    "eventTimestamp": "5/12/2023 13:47:30",
    "userID": "Geo",
    "eventName": "Player_Stats",
    "eventUUID": "0257c9fcce4b494c9197180fb7cf86eb",
    "GA_Value": 0.0,
    "eventParams": {
      "WallsDestroyed": 0,
      "EnvelopesCollected": 4,
      "BulletsFired": 0,
      "PowerupsCollected": 0,
      "Score": 40,
      "FirstKeypressFire": 0.0,
      "FirstBulletPickupCollected": 0.0,
      "FirstMovementDetected": 8.645627,
      "TimeOfDeath": 24.76274
    }
  },
  {
    "eventTimestamp": "5/12/2023 13:49:58",
    "userID": "Geo",
    "eventName": "Player_Stats",
    "eventUUID": "23438ac1c7e08699434ba5c8a5ec5a4b",
    "GA_Value": 0.0,
    "eventParams": {
      "WallsDestroyed": 8,
      "EnvelopesCollected": 8,
      "BulletsFired": 15,
      "PowerupsCollected": 2,
      "Score": 140,
      "FirstKeypressFire": 28.71436,
      "FirstBulletPickupCollected": 27.0796318,
      "FirstMovementDetected": 8.829449,
      "TimeOfDeath": 54.6136475
    }
  },
  {
    "eventTimestamp": "5/12/2023 13:51:35",
    "userID": "Geo",
    "eventName": "Player_Stats",
    "eventUUID": "8908b7c16705390063fd93eba4ab4d14",
    "GA_Value": 0.0,
    "eventParams": {
      "WallsDestroyed": 3,
      "EnvelopesCollected": 7,
      "BulletsFired": 21,
      "PowerupsCollected": 1,
      "Score": 105,
      "FirstKeypressFire": 25.15956,
      "FirstBulletPickupCollected": 24.30852,
      "FirstMovementDetected": 7.70854855,
      "TimeOfDeath": 41.2090836
    }
  }
]