[
  {
    "eventTimestamp": "28/11/2023 14:48:34",
    "userID": "johnchan",
    "eventName": "Player_Stats",
    "eventUUID": "f04b1001941164bc6c6a1d0beabae8d7",
    "GA_Value": 0.0,
    "eventParams": {
      "WallsDestroyed": 0,
      "EnvelopesCollected": 12,
      "BulletsFired": 0,
      "PowerupsCollected": 2,
      "Score": 120,
      "FirstKeypressFire": 0.0,
      "FirstBulletPickupCollected": 32.3527527,
      "FirstMovementDetected": 16.90203,
      "TimeOfDeath": 0.0
    }
  },
  {
    "eventTimestamp": "28/11/2023 14:49:09",
    "userID": "johnchan",
    "eventName": "Player_Stats",
    "eventUUID": "8b7d99c5090b8a998cf66efb40cf4535",
    "GA_Value": 0.0,
    "eventParams": {
      "WallsDestroyed": 0,
      "EnvelopesCollected": 4,
      "BulletsFired": 1,
      "PowerupsCollected": 1,
      "Score": 40,
      "FirstKeypressFire": 95.13964,
      "FirstBulletPickupCollected": 90.5201645,
      "FirstMovementDetected": 74.67026,
      "TimeOfDeath": 0.0
    }
  },
  {
    "eventTimestamp": "28/11/2023 14:50:10",
    "userID": "johnchan",
    "eventName": "Player_Stats",
    "eventUUID": "c9e01fd27651920d8682e4a5f03daf06",
    "GA_Value": 0.0,
    "eventParams": {
      "WallsDestroyed": 6,
      "EnvelopesCollected": 11,
      "BulletsFired": 35,
      "PowerupsCollected": 3,
      "Score": 180,
      "FirstKeypressFire": 120.338257,
      "FirstBulletPickupCollected": 119.703743,
      "FirstMovementDetected": 103.70433,
      "TimeOfDeath": 0.0
    }
  },
  {
    "eventTimestamp": "28/11/2023 14:55:02",
    "userID": "Keelan",
    "eventName": "Player_Stats",
    "eventUUID": "073b2820f44125310e60c208a3e9e8b6",
    "GA_Value": 0.0,
    "eventParams": {
      "WallsDestroyed": 0,
      "EnvelopesCollected": 8,
      "BulletsFired": 0,
      "PowerupsCollected": 1,
      "Score": 80,
      "FirstKeypressFire": 0.0,
      "FirstBulletPickupCollected": 49.6167641,
      "FirstMovementDetected": 16.5494385,
      "TimeOfDeath": 0.0
    }
  },
  {
    "eventTimestamp": "28/11/2023 14:55:17",
    "userID": "Keelan",
    "eventName": "Player_Stats",
    "eventUUID": "d2fb9f295fee7d43aea5bc7fb6f38674",
    "GA_Value": 0.0,
    "eventParams": {
      "WallsDestroyed": 0,
      "EnvelopesCollected": 2,
      "BulletsFired": 0,
      "PowerupsCollected": 0,
      "Score": 20,
      "FirstKeypressFire": 0.0,
      "FirstBulletPickupCollected": 0.0,
      "FirstMovementDetected": 60.6665421,
      "TimeOfDeath": 0.0
    }
  },
  {
    "eventTimestamp": "28/11/2023 14:55:54",
    "userID": "Keelan",
    "eventName": "Player_Stats",
    "eventUUID": "9f69093846ae6e1a2223e94b7f27551b",
    "GA_Value": 0.0,
    "eventParams": {
      "WallsDestroyed": 0,
      "EnvelopesCollected": 9,
      "BulletsFired": 0,
      "PowerupsCollected": 1,
      "Score": 90,
      "FirstKeypressFire": 0.0,
      "FirstBulletPickupCollected": 107.067558,
      "FirstMovementDetected": 75.31731,
      "TimeOfDeath": 0.0
    }
  },
  {
    "eventTimestamp": "28/11/2023 14:56:02",
    "userID": "Keelan",
    "eventName": "Player_Stats",
    "eventUUID": "f3b794eb87cbd16c9b03cf262573d9fc",
    "GA_Value": 0.0,
    "eventParams": {
      "WallsDestroyed": 0,
      "EnvelopesCollected": 0,
      "BulletsFired": 0,
      "PowerupsCollected": 0,
      "Score": 0,
      "FirstKeypressFire": 0.0,
      "FirstBulletPickupCollected": 0.0,
      "FirstMovementDetected": 115.584557,
      "TimeOfDeath": 0.0
    }
  },
  {
    "eventTimestamp": "28/11/2023 14:56:13",
    "userID": "Keelan",
    "eventName": "Player_Stats",
    "eventUUID": "0284dc4ddd4a065f034e245885e12e94",
    "GA_Value": 0.0,
    "eventParams": {
      "WallsDestroyed": 0,
      "EnvelopesCollected": 2,
      "BulletsFired": 0,
      "PowerupsCollected": 0,
      "Score": 20,
      "FirstKeypressFire": 0.0,
      "FirstBulletPickupCollected": 0.0,
      "FirstMovementDetected": 122.567894,
      "TimeOfDeath": 0.0
    }
  },
  {
    "eventTimestamp": "28/11/2023 14:57:52",
    "userID": "Keelan",
    "eventName": "Player_Stats",
    "eventUUID": "6bcbf1a858c27ed42d4976d9558cdfcd",
    "GA_Value": 0.0,
    "eventParams": {
      "WallsDestroyed": 5,
      "EnvelopesCollected": 19,
      "BulletsFired": 5,
      "PowerupsCollected": 5,
      "Score": 215,
      "FirstKeypressFire": 151.937576,
      "FirstBulletPickupCollected": 148.3352,
      "FirstMovementDetected": 132.13504,
      "TimeOfDeath": 0.0
    }
  },
  {
    "eventTimestamp": "28/11/2023 15:23:27",
    "userID": "Jack",
    "eventName": "Player_Stats",
    "eventUUID": "cdbecdb2e93f2f37255d855594146d7d",
    "GA_Value": 0.0,
    "eventParams": {
      "WallsDestroyed": 0,
      "EnvelopesCollected": 0,
      "BulletsFired": 0,
      "PowerupsCollected": 0,
      "Score": 0,
      "FirstKeypressFire": 0.0,
      "FirstBulletPickupCollected": 0.0,
      "FirstMovementDetected": 10.9902964,
      "TimeOfDeath": 0.0
    }
  },
  {
    "eventTimestamp": "28/11/2023 15:23:43",
    "userID": "Jack",
    "eventName": "Player_Stats",
    "eventUUID": "e08b56c069a188bcb3e4e747226dfc42",
    "GA_Value": 0.0,
    "eventParams": {
      "WallsDestroyed": 0,
      "EnvelopesCollected": 2,
      "BulletsFired": 0,
      "PowerupsCollected": 0,
      "Score": 20,
      "FirstKeypressFire": 0.0,
      "FirstBulletPickupCollected": 0.0,
      "FirstMovementDetected": 15.84041,
      "TimeOfDeath": 0.0
    }
  },
  {
    "eventTimestamp": "28/11/2023 15:24:02",
    "userID": "Jack",
    "eventName": "Player_Stats",
    "eventUUID": "53e8c585f46c1f671c8968e59e39d636",
    "GA_Value": 0.0,
    "eventParams": {
      "WallsDestroyed": 0,
      "EnvelopesCollected": 3,
      "BulletsFired": 0,
      "PowerupsCollected": 1,
      "Score": 30,
      "FirstKeypressFire": 0.0,
      "FirstBulletPickupCollected": 47.97469,
      "FirstMovementDetected": 31.3575382,
      "TimeOfDeath": 0.0
    }
  },
  {
    "eventTimestamp": "28/11/2023 15:24:55",
    "userID": "Jack",
    "eventName": "Player_Stats",
    "eventUUID": "bef41275fc83fd1f1a390f908e40b7a5",
    "GA_Value": 0.0,
    "eventParams": {
      "WallsDestroyed": 6,
      "EnvelopesCollected": 10,
      "BulletsFired": 40,
      "PowerupsCollected": 3,
      "Score": 170,
      "FirstKeypressFire": 68.45867,
      "FirstBulletPickupCollected": 67.6243744,
      "FirstMovementDetected": 51.30785,
      "TimeOfDeath": 0.0
    }
  },
  {
    "eventTimestamp": "28/11/2023 15:25:47",
    "userID": "Jack",
    "eventName": "Player_Stats",
    "eventUUID": "3ec4aa7cff8fc91f40763d29711e62e9",
    "GA_Value": 0.0,
    "eventParams": {
      "WallsDestroyed": 9,
      "EnvelopesCollected": 10,
      "BulletsFired": 42,
      "PowerupsCollected": 2,
      "Score": 185,
      "FirstKeypressFire": 124.310509,
      "FirstBulletPickupCollected": 123.30899,
      "FirstMovementDetected": 106.87513,
      "TimeOfDeath": 0.0
    }
  },
  {
    "eventTimestamp": "28/11/2023 15:30:44",
    "userID": "michael",
    "eventName": "Player_Stats",
    "eventUUID": "f52f750e471b6fab8e9162a104be8639",
    "GA_Value": 0.0,
    "eventParams": {
      "WallsDestroyed": 0,
      "EnvelopesCollected": 4,
      "BulletsFired": 0,
      "PowerupsCollected": 1,
      "Score": 40,
      "FirstKeypressFire": 0.0,
      "FirstBulletPickupCollected": 54.32346,
      "FirstMovementDetected": 38.90708,
      "TimeOfDeath": 0.0
    }
  },
  {
    "eventTimestamp": "28/11/2023 15:32:57",
    "userID": "michael",
    "eventName": "Player_Stats",
    "eventUUID": "9ad9ac2765d2541a8820d93458f91929",
    "GA_Value": 0.0,
    "eventParams": {
      "WallsDestroyed": 20,
      "EnvelopesCollected": 30,
      "BulletsFired": 29,
      "PowerupsCollected": 7,
      "Score": 440,
      "FirstKeypressFire": 81.54309,
      "FirstBulletPickupCollected": 78.37384,
      "FirstMovementDetected": 61.5575142,
      "TimeOfDeath": 0.0
    }
  },
  {
    "eventTimestamp": "5/12/2023 13:47:30",
    "userID": "Geo",
    "eventName": "Player_Stats",
    "eventUUID": "0257c9fcce4b494c9197180fb7cf86eb",
    "GA_Value": 0.0,
    "eventParams": {
      "WallsDestroyed": 0,
      "EnvelopesCollected": 4,
      "BulletsFired": 0,
      "PowerupsCollected": 0,
      "Score": 40,
      "FirstKeypressFire": 0.0,
      "FirstBulletPickupCollected": 0.0,
      "FirstMovementDetected": 8.645627,
      "TimeOfDeath": 24.76274
    }
  },
  {
    "eventTimestamp": "5/12/2023 13:49:58",
    "userID": "Geo",
    "eventName": "Player_Stats",
    "eventUUID": "23438ac1c7e08699434ba5c8a5ec5a4b",
    "GA_Value": 0.0,
    "eventParams": {
      "WallsDestroyed": 8,
      "EnvelopesCollected": 8,
      "BulletsFired": 15,
      "PowerupsCollected": 2,
      "Score": 140,
      "FirstKeypressFire": 28.71436,
      "FirstBulletPickupCollected": 27.0796318,
      "FirstMovementDetected": 8.829449,
      "TimeOfDeath": 54.6136475
    }
  },
  {
    "eventTimestamp": "5/12/2023 13:51:35",
    "userID": "Geo",
    "eventName": "Player_Stats",
    "eventUUID": "8908b7c16705390063fd93eba4ab4d14",
    "GA_Value": 0.0,
    "eventParams": {
      "WallsDestroyed": 3,
      "EnvelopesCollected": 7,
      "BulletsFired": 21,
      "PowerupsCollected": 1,
      "Score": 105,
      "FirstKeypressFire": 25.15956,
      "FirstBulletPickupCollected": 24.30852,
      "FirstMovementDetected": 7.70854855,
      "TimeOfDeath": 41.2090836
    }
  },
  {
    "eventTimestamp": "5/12/2023 14:43:58",
    "userID": "Magnus",
    "eventName": "Player_Stats",
    "eventUUID": "2d127989c2db95f18afbfe885a265e0e",
    "GA_Value": 0.0,
    "eventParams": {
      "WallsDestroyed": 0,
      "EnvelopesCollected": 4,
      "BulletsFired": 0,
      "PowerupsCollected": 0,
      "Score": 40,
      "FirstKeypressFire": 0.0,
      "FirstBulletPickupCollected": 0.0,
      "FirstMovementDetected": 19.5070362,
      "TimeOfDeath": 37.1907043
    }
  },
  {
    "eventTimestamp": "5/12/2023 14:45:53",
    "userID": "Magnus",
    "eventName": "Player_Stats",
    "eventUUID": "a846048ae214dc6b7598831dfbb89ef5",
    "GA_Value": 0.0,
    "eventParams": {
      "WallsDestroyed": 16,
      "EnvelopesCollected": 24,
      "BulletsFired": 30,
      "PowerupsCollected": 6,
      "Score": 380,
      "FirstKeypressFire": 60.82599,
      "FirstBulletPickupCollected": 58.69055,
      "FirstMovementDetected": 40.7572823,
      "TimeOfDeath": 152.8094
    }
  },
  {
    "eventTimestamp": "5/12/2023 15:01:07",
    "userID": "Jack",
    "eventName": "Player_Stats",
    "eventUUID": "b3e67cc42f969698935b20cd4c79acb6",
    "GA_Value": 0.0,
    "eventParams": {
      "WallsDestroyed": 7,
      "EnvelopesCollected": 16,
      "BulletsFired": 46,
      "PowerupsCollected": 5,
      "Score": 235,
      "FirstKeypressFire": 33.5392876,
      "FirstBulletPickupCollected": 33.2696953,
      "FirstMovementDetected": 16.1201267,
      "TimeOfDeath": 107.7713
    }
  },
  {
    "eventTimestamp": "5/12/2023 15:02:42",
    "userID": "Jack",
    "eventName": "Player_Stats",
    "eventUUID": "fae807eae8b2e7e337a5316c3a6049de",
    "GA_Value": 0.0,
    "eventParams": {
      "WallsDestroyed": 7,
      "EnvelopesCollected": 12,
      "BulletsFired": 36,
      "PowerupsCollected": 2,
      "Score": 195,
      "FirstKeypressFire": 173.272415,
      "FirstBulletPickupCollected": 168.790024,
      "FirstMovementDetected": 152.80571,
      "TimeOfDeath": 202.373566
    }
  },
  {
    "eventTimestamp": "5/12/2023 15:49:55",
    "userID": "Clare",
    "eventName": "Player_Stats",
    "eventUUID": "2715876b4a0ed92ffa194763acaf31c9",
    "GA_Value": 0.0,
    "eventParams": {
      "WallsDestroyed": 0,
      "EnvelopesCollected": 2,
      "BulletsFired": 0,
      "PowerupsCollected": 0,
      "Score": 20,
      "FirstKeypressFire": 0.0,
      "FirstBulletPickupCollected": 0.0,
      "FirstMovementDetected": 1.170018,
      "TimeOfDeath": 15.1598682
    }
  },
  {
    "eventTimestamp": "5/12/2023 15:50:16",
    "userID": "Clare",
    "eventName": "Player_Stats",
    "eventUUID": "b063ce5eb5a0f9ddc5002279b4727443",
    "GA_Value": 0.0,
    "eventParams": {
      "WallsDestroyed": 0,
      "EnvelopesCollected": 3,
      "BulletsFired": 0,
      "PowerupsCollected": 1,
      "Score": 30,
      "FirstKeypressFire": 0.0,
      "FirstBulletPickupCollected": 17.8528481,
      "FirstMovementDetected": 0.4866967,
      "TimeOfDeath": 18.4728489
    }
  },
  {
    "eventTimestamp": "5/12/2023 15:50:36",
    "userID": "Clare",
    "eventName": "Player_Stats",
    "eventUUID": "7669364c7904705173818625714ca580",
    "GA_Value": 0.0,
    "eventParams": {
      "WallsDestroyed": 0,
      "EnvelopesCollected": 3,
      "BulletsFired": 0,
      "PowerupsCollected": 0,
      "Score": 30,
      "FirstKeypressFire": 0.0,
      "FirstBulletPickupCollected": 0.0,
      "FirstMovementDetected": 0.636692464,
      "TimeOfDeath": 17.9091244
    }
  },
  {
    "eventTimestamp": "5/12/2023 15:51:16",
    "userID": "Clare",
    "eventName": "Player_Stats",
    "eventUUID": "d5b6ba7c7276ef8ff9ca1602570fed11",
    "GA_Value": 0.0,
    "eventParams": {
      "WallsDestroyed": 2,
      "EnvelopesCollected": 7,
      "BulletsFired": 6,
      "PowerupsCollected": 2,
      "Score": 100,
      "FirstKeypressFire": 21.4371338,
      "FirstBulletPickupCollected": 18.67203,
      "FirstMovementDetected": 0.5533517,
      "TimeOfDeath": 38.4320221
    }
  },
  {
    "eventTimestamp": "5/12/2023 15:52:07",
    "userID": "Clare",
    "eventName": "Player_Stats",
    "eventUUID": "c5bfa0c642ad704c1808d7145595cd1f",
    "GA_Value": 0.0,
    "eventParams": {
      "WallsDestroyed": 0,
      "EnvelopesCollected": 12,
      "BulletsFired": 0,
      "PowerupsCollected": 2,
      "Score": 120,
      "FirstKeypressFire": 0.0,
      "FirstBulletPickupCollected": 17.6779,
      "FirstMovementDetected": 0.453371,
      "TimeOfDeath": 48.25789
    }
  },
  {
    "eventTimestamp": "5/12/2023 16:13:37",
    "userID": "Laurens",
    "eventName": "Player_Stats",
    "eventUUID": "fcb2d8bd8ce7063b6690763ae943f0c4",
    "GA_Value": 0.0,
    "eventParams": {
      "WallsDestroyed": 0,
      "EnvelopesCollected": 3,
      "BulletsFired": 0,
      "PowerupsCollected": 0,
      "Score": 30,
      "FirstKeypressFire": 0.0,
      "FirstBulletPickupCollected": 0.0,
      "FirstMovementDetected": 1.9033736,
      "TimeOfDeath": 11.9162874
    }
  },
  {
    "eventTimestamp": "5/12/2023 16:13:51",
    "userID": "Laurens",
    "eventName": "Player_Stats",
    "eventUUID": "59b3272657e105fa7fb6509282318e6f",
    "GA_Value": 0.0,
    "eventParams": {
      "WallsDestroyed": 0,
      "EnvelopesCollected": 2,
      "BulletsFired": 0,
      "PowerupsCollected": 0,
      "Score": 20,
      "FirstKeypressFire": 0.0,
      "FirstBulletPickupCollected": 0.0,
      "FirstMovementDetected": 1.20336139,
      "TimeOfDeath": 11.5193825
    }
  },
  {
    "eventTimestamp": "5/12/2023 16:16:53",
    "userID": "Laurens",
    "eventName": "Player_Stats",
    "eventUUID": "8cc02027783aaef566083cec06b98855",
    "GA_Value": 0.0,
    "eventParams": {
      "WallsDestroyed": 23,
      "EnvelopesCollected": 41,
      "BulletsFired": 212,
      "PowerupsCollected": 10,
      "Score": 585,
      "FirstKeypressFire": 20.587101,
      "FirstBulletPickupCollected": 19.12244,
      "FirstMovementDetected": 0.569980264,
      "TimeOfDeath": 181.102386
    }
  },
  {
    "eventTimestamp": "5/12/2023 16:57:24",
    "userID": "John",
    "eventName": "Player_Stats",
    "eventUUID": "498fd429d04e41b3f73f6754a3903894",
    "GA_Value": 0.0,
    "eventParams": {
      "WallsDestroyed": 0,
      "EnvelopesCollected": 2,
      "BulletsFired": 0,
      "PowerupsCollected": 0,
      "Score": 20,
      "FirstKeypressFire": 0.0,
      "FirstBulletPickupCollected": 0.0,
      "FirstMovementDetected": 0.6700092,
      "TimeOfDeath": 13.28312
    }
  },
  {
    "eventTimestamp": "5/12/2023 16:58:13",
    "userID": "John",
    "eventName": "Player_Stats",
    "eventUUID": "b0aab1e028af74790271907c19ee3aa7",
    "GA_Value": 0.0,
    "eventParams": {
      "WallsDestroyed": 3,
      "EnvelopesCollected": 9,
      "BulletsFired": 9,
      "PowerupsCollected": 2,
      "Score": 105,
      "FirstKeypressFire": 20.1704311,
      "FirstBulletPickupCollected": 19.0794888,
      "FirstMovementDetected": 0.6533479,
      "TimeOfDeath": 47.41948
    }
  },
  {
    "eventTimestamp": "5/12/2023 17:00:13",
    "userID": "John",
    "eventName": "Player_Stats",
    "eventUUID": "a5940dc064daf5cc552c3f37171ca859",
    "GA_Value": 0.0,
    "eventParams": {
      "WallsDestroyed": 15,
      "EnvelopesCollected": 25,
      "BulletsFired": 40,
      "PowerupsCollected": 6,
      "Score": 345,
      "FirstKeypressFire": 18.3370743,
      "FirstBulletPickupCollected": 16.66181,
      "FirstMovementDetected": 0.536674,
      "TimeOfDeath": 117.321777
    }
  },
  {
    "eventTimestamp": "6/12/2023 15:34:05",
    "userID": "Mikey",
    "eventName": "Player_Stats",
    "eventUUID": "8a106b67c3b6cf8ca88594396aef771e",
    "GA_Value": 0.0,
    "eventParams": {
      "WallsDestroyed": 18,
      "EnvelopesCollected": 23,
      "BulletsFired": 103,
      "PowerupsCollected": 5,
      "Score": 340,
      "FirstKeypressFire": 20.4838543,
      "FirstBulletPickupCollected": 18.9841938,
      "FirstMovementDetected": 0.7288384,
      "TimeOfDeath": 100.624168
    }
  },
  {
    "eventTimestamp": "6/12/2023 15:40:29",
    "userID": "Mikey",
    "eventName": "Player_Stats",
    "eventUUID": "57e2cc286309aa1625cce0fe6fbd9c4a",
    "GA_Value": 0.0,
    "eventParams": {
      "WallsDestroyed": 10,
      "EnvelopesCollected": 15,
      "BulletsFired": 25,
      "PowerupsCollected": 3,
      "Score": 220,
      "FirstKeypressFire": 20.0085545,
      "FirstBulletPickupCollected": 18.6947765,
      "FirstMovementDetected": 0.4786559,
      "TimeOfDeath": 69.95476
    }
  },
  {
    "eventTimestamp": "6/12/2023 15:42:25",
    "userID": "Mikey",
    "eventName": "Player_Stats",
    "eventUUID": "6b0228274e7634fe10718fa520d6ae0e",
    "GA_Value": 0.0,
    "eventParams": {
      "WallsDestroyed": 21,
      "EnvelopesCollected": 27,
      "BulletsFired": 67,
      "PowerupsCollected": 6,
      "Score": 435,
      "FirstKeypressFire": 19.3248062,
      "FirstBulletPickupCollected": 18.66733,
      "FirstMovementDetected": 0.278864443,
      "TimeOfDeath": 115.2073
    }
  },
  {
    "eventTimestamp": "7/12/2023 18:06:38",
    "userID": "Kathryn",
    "eventName": "Player_Stats",
    "eventUUID": "e764e4ec33d74b1ce14f1b2764ccafc7",
    "GA_Value": 0.0,
    "eventParams": {
      "WallsDestroyed": 0,
      "EnvelopesCollected": 0,
      "BulletsFired": 0,
      "PowerupsCollected": 0,
      "Score": 0,
      "FirstKeypressFire": 0.0,
      "FirstBulletPickupCollected": 0.0,
      "FirstMovementDetected": 0.9957161,
      "TimeOfDeath": 4.950137
    }
  },
  {
    "eventTimestamp": "7/12/2023 18:06:50",
    "userID": "Kathryn",
    "eventName": "Player_Stats",
    "eventUUID": "c77db1682549b304e5263606a493627b",
    "GA_Value": 0.0,
    "eventParams": {
      "WallsDestroyed": 0,
      "EnvelopesCollected": 1,
      "BulletsFired": 0,
      "PowerupsCollected": 0,
      "Score": 10,
      "FirstKeypressFire": 0.0,
      "FirstBulletPickupCollected": 0.0,
      "FirstMovementDetected": 0.5874707,
      "TimeOfDeath": 9.884298
    }
  },
  {
    "eventTimestamp": "7/12/2023 18:07:19",
    "userID": "Kathryn",
    "eventName": "Player_Stats",
    "eventUUID": "cba1f1552b60b9598b2d195301b90960",
    "GA_Value": 0.0,
    "eventParams": {
      "WallsDestroyed": 0,
      "EnvelopesCollected": 5,
      "BulletsFired": 0,
      "PowerupsCollected": 1,
      "Score": 50,
      "FirstKeypressFire": 0.0,
      "FirstBulletPickupCollected": 18.17103,
      "FirstMovementDetected": 2.56999183,
      "TimeOfDeath": 27.371027
    }
  },
  {
    "eventTimestamp": "7/12/2023 18:07:22",
    "userID": "Kathryn",
    "eventName": "Player_Stats",
    "eventUUID": "2e8dcd75f77dfd28b3dc7ba4fdf19b5a",
    "GA_Value": 0.0,
    "eventParams": {
      "WallsDestroyed": 0,
      "EnvelopesCollected": 0,
      "BulletsFired": 0,
      "PowerupsCollected": 0,
      "Score": 0,
      "FirstKeypressFire": 0.0,
      "FirstBulletPickupCollected": 0.0,
      "FirstMovementDetected": 0.5449386,
      "TimeOfDeath": 2.287948
    }
  },
  {
    "eventTimestamp": "7/12/2023 18:07:39",
    "userID": "Kathryn",
    "eventName": "Player_Stats",
    "eventUUID": "d0cb5126dca50c06fbc1ce238e4ff218",
    "GA_Value": 0.0,
    "eventParams": {
      "WallsDestroyed": 0,
      "EnvelopesCollected": 3,
      "BulletsFired": 0,
      "PowerupsCollected": 0,
      "Score": 30,
      "FirstKeypressFire": 0.0,
      "FirstBulletPickupCollected": 0.0,
      "FirstMovementDetected": 1.07729256,
      "TimeOfDeath": 15.283515
    }
  },
  {
    "eventTimestamp": "7/12/2023 18:07:45",
    "userID": "Kathryn",
    "eventName": "Player_Stats",
    "eventUUID": "3225bbb6972d115bdaf7c9162d0cb600",
    "GA_Value": 0.0,
    "eventParams": {
      "WallsDestroyed": 0,
      "EnvelopesCollected": 1,
      "BulletsFired": 0,
      "PowerupsCollected": 0,
      "Score": 10,
      "FirstKeypressFire": 0.0,
      "FirstBulletPickupCollected": 0.0,
      "FirstMovementDetected": 0.7116261,
      "TimeOfDeath": 5.549019
    }
  },
  {
    "eventTimestamp": "7/12/2023 18:07:52",
    "userID": "Kathryn",
    "eventName": "Player_Stats",
    "eventUUID": "bfccd3ad210f4335d2fe1642e294cb0e",
    "GA_Value": 0.0,
    "eventParams": {
      "WallsDestroyed": 0,
      "EnvelopesCollected": 1,
      "BulletsFired": 0,
      "PowerupsCollected": 0,
      "Score": 10,
      "FirstKeypressFire": 0.0,
      "FirstBulletPickupCollected": 0.0,
      "FirstMovementDetected": 1.04483545,
      "TimeOfDeath": 5.40418768
    }
  },
  {
    "eventTimestamp": "7/12/2023 18:08:10",
    "userID": "Kathryn",
    "eventName": "Player_Stats",
    "eventUUID": "e34404b912dc2159dd6328393e7050d1",
    "GA_Value": 0.0,
    "eventParams": {
      "WallsDestroyed": 0,
      "EnvelopesCollected": 4,
      "BulletsFired": 0,
      "PowerupsCollected": 1,
      "Score": 40,
      "FirstKeypressFire": 0.0,
      "FirstBulletPickupCollected": 17.2297382,
      "FirstMovementDetected": 0.7879299,
      "TimeOfDeath": 17.4897385
    }
  },
  {
    "eventTimestamp": "7/12/2023 18:08:14",
    "userID": "Kathryn",
    "eventName": "Player_Stats",
    "eventUUID": "f12b7aa963185082a4d442db200f2620",
    "GA_Value": 0.0,
    "eventParams": {
      "WallsDestroyed": 0,
      "EnvelopesCollected": 0,
      "BulletsFired": 0,
      "PowerupsCollected": 0,
      "Score": 0,
      "FirstKeypressFire": 0.0,
      "FirstBulletPickupCollected": 0.0,
      "FirstMovementDetected": 0.5786961,
      "TimeOfDeath": 2.831356
    }
  },
  {
    "eventTimestamp": "7/12/2023 18:08:29",
    "userID": "Kathryn",
    "eventName": "Player_Stats",
    "eventUUID": "516ea5ab2fdc01a24f6860a15ac3b07b",
    "GA_Value": 0.0,
    "eventParams": {
      "WallsDestroyed": 0,
      "EnvelopesCollected": 3,
      "BulletsFired": 0,
      "PowerupsCollected": 0,
      "Score": 30,
      "FirstKeypressFire": 0.0,
      "FirstBulletPickupCollected": 0.0,
      "FirstMovementDetected": 0.562504232,
      "TimeOfDeath": 15.07146
    }
  },
  {
    "eventTimestamp": "7/12/2023 18:08:38",
    "userID": "Kathryn",
    "eventName": "Player_Stats",
    "eventUUID": "e7b81a5da598e28d7fa9e8e59de5c5c7",
    "GA_Value": 0.0,
    "eventParams": {
      "WallsDestroyed": 0,
      "EnvelopesCollected": 1,
      "BulletsFired": 0,
      "PowerupsCollected": 0,
      "Score": 10,
      "FirstKeypressFire": 0.0,
      "FirstBulletPickupCollected": 0.0,
      "FirstMovementDetected": 0.7531638,
      "TimeOfDeath": 8.103352
    }
  },
  {
    "eventTimestamp": "7/12/2023 18:09:05",
    "userID": "Kathryn",
    "eventName": "Player_Stats",
    "eventUUID": "360510f371bd8f87bdd70832f61234a1",
    "GA_Value": 0.0,
    "eventParams": {
      "WallsDestroyed": 0,
      "EnvelopesCollected": 4,
      "BulletsFired": 3,
      "PowerupsCollected": 1,
      "Score": 40,
      "FirstKeypressFire": 19.9825115,
      "FirstBulletPickupCollected": 19.0855255,
      "FirstMovementDetected": 2.17909217,
      "TimeOfDeath": 25.9855232
    }
  },
  {
    "eventTimestamp": "7/12/2023 18:09:12",
    "userID": "Kathryn",
    "eventName": "Player_Stats",
    "eventUUID": "fb59f8f885e78e1b56c45060e018ad04",
    "GA_Value": 0.0,
    "eventParams": {
      "WallsDestroyed": 0,
      "EnvelopesCollected": 1,
      "BulletsFired": 0,
      "PowerupsCollected": 0,
      "Score": 10,
      "FirstKeypressFire": 0.0,
      "FirstBulletPickupCollected": 0.0,
      "FirstMovementDetected": 0.661035657,
      "TimeOfDeath": 6.26621056
    }
  },
  {
    "eventTimestamp": "7/12/2023 18:09:16",
    "userID": "Kathryn",
    "eventName": "Player_Stats",
    "eventUUID": "572cd4cf37aeba5a545c79fff24279f9",
    "GA_Value": 0.0,
    "eventParams": {
      "WallsDestroyed": 0,
      "EnvelopesCollected": 0,
      "BulletsFired": 0,
      "PowerupsCollected": 0,
      "Score": 0,
      "FirstKeypressFire": 0.0,
      "FirstBulletPickupCollected": 0.0,
      "FirstMovementDetected": 0.653771043,
      "TimeOfDeath": 2.9647305
    }
  },
  {
    "eventTimestamp": "7/12/2023 18:09:28",
    "userID": "Kathryn",
    "eventName": "Player_Stats",
    "eventUUID": "4077d3ed7658d6c8982265e58601fa39",
    "GA_Value": 0.0,
    "eventParams": {
      "WallsDestroyed": 0,
      "EnvelopesCollected": 1,
      "BulletsFired": 0,
      "PowerupsCollected": 0,
      "Score": 10,
      "FirstKeypressFire": 0.0,
      "FirstBulletPickupCollected": 0.0,
      "FirstMovementDetected": 0.5444837,
      "TimeOfDeath": 11.7894306
    }
  },
  {
    "eventTimestamp": "7/12/2023 18:09:54",
    "userID": "Kathryn",
    "eventName": "Player_Stats",
    "eventUUID": "58a4f7a0c6ea2922028cfb20172c5b96",
    "GA_Value": 0.0,
    "eventParams": {
      "WallsDestroyed": 0,
      "EnvelopesCollected": 6,
      "BulletsFired": 3,
      "PowerupsCollected": 1,
      "Score": 60,
      "FirstKeypressFire": 21.2930336,
      "FirstBulletPickupCollected": 17.2276268,
      "FirstMovementDetected": 2.66255856,
      "TimeOfDeath": 24.9876232
    }
  },
  {
    "eventTimestamp": "7/12/2023 18:09:59",
    "userID": "Kathryn",
    "eventName": "Player_Stats",
    "eventUUID": "626f99116902c8530337c3893783f1eb",
    "GA_Value": 0.0,
    "eventParams": {
      "WallsDestroyed": 0,
      "EnvelopesCollected": 0,
      "BulletsFired": 0,
      "PowerupsCollected": 0,
      "Score": 0,
      "FirstKeypressFire": 0.0,
      "FirstBulletPickupCollected": 0.0,
      "FirstMovementDetected": 0.5195083,
      "TimeOfDeath": 4.37085533
    }
  },
  {
    "eventTimestamp": "7/12/2023 18:10:12",
    "userID": "Kathryn",
    "eventName": "Player_Stats",
    "eventUUID": "329db91bf0bd1a312fbab816af9cc0cf",
    "GA_Value": 0.0,
    "eventParams": {
      "WallsDestroyed": 0,
      "EnvelopesCollected": 3,
      "BulletsFired": 0,
      "PowerupsCollected": 0,
      "Score": 30,
      "FirstKeypressFire": 0.0,
      "FirstBulletPickupCollected": 0.0,
      "FirstMovementDetected": 2.52168536,
      "TimeOfDeath": 12.6110182
    }
  },
  {
    "eventTimestamp": "7/12/2023 18:10:57",
    "userID": "Kathryn",
    "eventName": "Player_Stats",
    "eventUUID": "1a58991b67feb287c27062a680872185",
    "GA_Value": 0.0,
    "eventParams": {
      "WallsDestroyed": 1,
      "EnvelopesCollected": 6,
      "BulletsFired": 1,
      "PowerupsCollected": 2,
      "Score": 65,
      "FirstKeypressFire": 22.3517017,
      "FirstBulletPickupCollected": 17.1104774,
      "FirstMovementDetected": 0.545346856,
      "TimeOfDeath": 43.93047
    }
  },
  {
    "eventTimestamp": "7/12/2023 18:11:44",
    "userID": "Kathryn",
    "eventName": "Player_Stats",
    "eventUUID": "58a11fb121bc9460a13a9a3ff6daa4a0",
    "GA_Value": 0.0,
    "eventParams": {
      "WallsDestroyed": 3,
      "EnvelopesCollected": 9,
      "BulletsFired": 7,
      "PowerupsCollected": 2,
      "Score": 105,
      "FirstKeypressFire": 21.2374611,
      "FirstBulletPickupCollected": 17.6053276,
      "FirstMovementDetected": 1.36255324,
      "TimeOfDeath": 46.86532
    }
  },
  {
    "eventTimestamp": "7/12/2023 18:11:48",
    "userID": "Kathryn",
    "eventName": "Player_Stats",
    "eventUUID": "03398ed5453fbbc24eef62c768670c34",
    "GA_Value": 0.0,
    "eventParams": {
      "WallsDestroyed": 0,
      "EnvelopesCollected": 0,
      "BulletsFired": 0,
      "PowerupsCollected": 0,
      "Score": 0,
      "FirstKeypressFire": 0.0,
      "FirstBulletPickupCollected": 0.0,
      "FirstMovementDetected": 1.17045331,
      "TimeOfDeath": 3.37142277
    }
  },
  {
    "eventTimestamp": "12/12/2023 13:24:39",
    "userID": "Geo",
    "eventName": "Player_Stats",
    "eventUUID": "a470d0b9e8c51024cfc7b49e27f59dc3",
    "GA_Value": 0.0,
    "eventParams": {
      "WallsDestroyed": 0,
      "EnvelopesCollected": 0,
      "BulletsFired": 0,
      "PowerupsCollected": 0,
      "Score": 0,
      "FirstKeypressFire": 0.0,
      "FirstBulletPickupCollected": 0.0,
      "FirstMovementDetected": 0.5367292,
      "TimeOfDeath": 3.0964098
    }
  },
  {
    "eventTimestamp": "12/12/2023 14:29:11",
    "userID": "clark",
    "eventName": "Player_Stats",
    "eventUUID": "9ae9841ec8a87f35f63a6d2e5e4a4195",
    "GA_Value": 0.0,
    "eventParams": {
      "WallsDestroyed": 0,
      "EnvelopesCollected": 3,
      "BulletsFired": 0,
      "PowerupsCollected": 0,
      "Score": 30,
      "FirstKeypressFire": 0.0,
      "FirstBulletPickupCollected": 0.0,
      "FirstMovementDetected": 0.4535599,
      "TimeOfDeath": 16.6032028
    }
  },
  {
    "eventTimestamp": "12/12/2023 14:32:39",
    "userID": "clark",
    "eventName": "Player_Stats",
    "eventUUID": "a453de24d9dd0a1c32ad43a487e1fb18",
    "GA_Value": 0.0,
    "eventParams": {
      "WallsDestroyed": 12,
      "EnvelopesCollected": 13,
      "BulletsFired": 18,
      "PowerupsCollected": 3,
      "Score": 450,
      "FirstKeypressFire": 20.7036362,
      "FirstBulletPickupCollected": 17.5664215,
      "FirstMovementDetected": 0.936561763,
      "TimeOfDeath": 57.7064056
    }
  },
  {
    "eventTimestamp": "12/12/2023 14:39:03",
    "userID": "AntonJ",
    "eventName": "Player_Stats",
    "eventUUID": "95b86793641a5890e60da927bb9e1e29",
    "GA_Value": 0.0,
    "eventParams": {
      "WallsDestroyed": 0,
      "EnvelopesCollected": 0,
      "BulletsFired": 0,
      "PowerupsCollected": 0,
      "Score": 0,
      "FirstKeypressFire": 0.0,
      "FirstBulletPickupCollected": 0.0,
      "FirstMovementDetected": 0.869999766,
      "TimeOfDeath": 2.42226481
    }
  },
  {
    "eventTimestamp": "12/12/2023 14:39:55",
    "userID": "AntonJ",
    "eventName": "Player_Stats",
    "eventUUID": "411d95c1818aa63e019cd7bea5387aa3",
    "GA_Value": 0.0,
    "eventParams": {
      "WallsDestroyed": 3,
      "EnvelopesCollected": 10,
      "BulletsFired": 7,
      "PowerupsCollected": 2,
      "Score": 160,
      "FirstKeypressFire": 31.3372612,
      "FirstBulletPickupCollected": 18.4088554,
      "FirstMovementDetected": 1.62000728,
      "TimeOfDeath": 49.3888435
    }
  },
  {
    "eventTimestamp": "12/12/2023 14:40:08",
    "userID": "AntonJ",
    "eventName": "Player_Stats",
    "eventUUID": "bd283d90fcd83b26eead15c08fe6b54c",
    "GA_Value": 0.0,
    "eventParams": {
      "WallsDestroyed": 0,
      "EnvelopesCollected": 1,
      "BulletsFired": 0,
      "PowerupsCollected": 0,
      "Score": 10,
      "FirstKeypressFire": 0.0,
      "FirstBulletPickupCollected": 0.0,
      "FirstMovementDetected": 0.8202473,
      "TimeOfDeath": 7.20802641
    }
  },
  {
    "eventTimestamp": "12/12/2023 14:40:32",
    "userID": "AntonJ",
    "eventName": "Player_Stats",
    "eventUUID": "da5b4c3c02e1d80a4aeade2cb4ca64fc",
    "GA_Value": 0.0,
    "eventParams": {
      "WallsDestroyed": 0,
      "EnvelopesCollected": 4,
      "BulletsFired": 0,
      "PowerupsCollected": 1,
      "Score": 40,
      "FirstKeypressFire": 0.0,
      "FirstBulletPickupCollected": 18.49107,
      "FirstMovementDetected": 0.2865623,
      "TimeOfDeath": 22.99107
    }
  },
  {
    "eventTimestamp": "12/12/2023 14:40:41",
    "userID": "AntonJ",
    "eventName": "Player_Stats",
    "eventUUID": "a47d7830dbf32f9c88ca97b5ebcc0b2c",
    "GA_Value": 0.0,
    "eventParams": {
      "WallsDestroyed": 0,
      "EnvelopesCollected": 1,
      "BulletsFired": 0,
      "PowerupsCollected": 0,
      "Score": 10,
      "FirstKeypressFire": 0.0,
      "FirstBulletPickupCollected": 0.0,
      "FirstMovementDetected": 2.70353937,
      "TimeOfDeath": 6.870764
    }
  },
  {
    "eventTimestamp": "12/12/2023 14:41:34",
    "userID": "AntonJ",
    "eventName": "Player_Stats",
    "eventUUID": "d8c24458e6cc27a90f5c82862bf004c9",
    "GA_Value": 0.0,
    "eventParams": {
      "WallsDestroyed": 4,
      "EnvelopesCollected": 9,
      "BulletsFired": 4,
      "PowerupsCollected": 2,
      "Score": 170,
      "FirstKeypressFire": 27.2704735,
      "FirstBulletPickupCollected": 18.6872158,
      "FirstMovementDetected": 0.619951665,
      "TimeOfDeath": 49.5472069
    }
  },
  {
    "eventTimestamp": "12/12/2023 15:15:09",
    "userID": "Geo",
    "eventName": "Player_Stats",
    "eventUUID": "e581207fde771633b5fd44bee28c83e9",
    "GA_Value": 0.0,
    "eventParams": {
      "WallsDestroyed": 0,
      "EnvelopesCollected": 0,
      "BulletsFired": 0,
      "PowerupsCollected": 0,
      "Score": 0,
      "FirstKeypressFire": 0.0,
      "FirstBulletPickupCollected": 0.0,
      "FirstMovementDetected": 0.470241,
      "TimeOfDeath": 2.9262526
    }
  },
  {
    "eventTimestamp": "12/12/2023 15:17:12",
    "userID": "Lennon",
    "eventName": "Player_Stats",
    "eventUUID": "b47c8a49c4a3e5713db4f597badfdc9b",
    "GA_Value": 0.0,
    "eventParams": {
      "WallsDestroyed": 0,
      "EnvelopesCollected": 9,
      "BulletsFired": 1,
      "PowerupsCollected": 1,
      "Score": 90,
      "FirstKeypressFire": 24.9371166,
      "FirstBulletPickupCollected": 18.6816349,
      "FirstMovementDetected": 1.65323389,
      "TimeOfDeath": 37.02163
    }
  },
  {
    "eventTimestamp": "12/12/2023 15:17:24",
    "userID": "Lennon",
    "eventName": "Player_Stats",
    "eventUUID": "817b3e599d724e2c8f37de363aa98362",
    "GA_Value": 0.0,
    "eventParams": {
      "WallsDestroyed": 0,
      "EnvelopesCollected": 2,
      "BulletsFired": 0,
      "PowerupsCollected": 0,
      "Score": 20,
      "FirstKeypressFire": 0.0,
      "FirstBulletPickupCollected": 0.0,
      "FirstMovementDetected": 2.470112,
      "TimeOfDeath": 10.207592
    }
  },
  {
    "eventTimestamp": "12/12/2023 15:17:41",
    "userID": "Lennon",
    "eventName": "Player_Stats",
    "eventUUID": "0fb52f3fbaf7dc6e38cc9e60d4c07c85",
    "GA_Value": 0.0,
    "eventParams": {
      "WallsDestroyed": 0,
      "EnvelopesCollected": 3,
      "BulletsFired": 0,
      "PowerupsCollected": 0,
      "Score": 30,
      "FirstKeypressFire": 0.0,
      "FirstBulletPickupCollected": 0.0,
      "FirstMovementDetected": 2.65336967,
      "TimeOfDeath": 15.5905914
    }
  },
  {
    "eventTimestamp": "12/12/2023 15:20:06",
    "userID": "Lennon",
    "eventName": "Player_Stats",
    "eventUUID": "6bb1963eeae816448209f4044c9f504d",
    "GA_Value": 0.0,
    "eventParams": {
      "WallsDestroyed": 16,
      "EnvelopesCollected": 29,
      "BulletsFired": 23,
      "PowerupsCollected": 8,
      "Score": 650,
      "FirstKeypressFire": 29.1872311,
      "FirstBulletPickupCollected": 18.67029,
      "FirstMovementDetected": 0.5866543,
      "TimeOfDeath": 143.85025
    }
  },
  {
    "eventTimestamp": "12/12/2023 15:27:02",
    "userID": "Gaz",
    "eventName": "Player_Stats",
    "eventUUID": "dcc9c8d864ef4fa33e2c6e736f7d72ea",
    "GA_Value": 0.0,
    "eventParams": {
      "WallsDestroyed": 10,
      "EnvelopesCollected": 10,
      "BulletsFired": 19,
      "PowerupsCollected": 2,
      "Score": 380,
      "FirstKeypressFire": 19.9873066,
      "FirstBulletPickupCollected": 18.68281,
      "FirstMovementDetected": 0.936881363,
      "TimeOfDeath": 52.3627968
    }
  },
  {
    "eventTimestamp": "12/12/2023 16:56:22",
    "userID": "Geo",
    "eventName": "Player_Stats",
    "eventUUID": "c5749c98236360a54c3694944193c3e5",
    "GA_Value": 0.0,
    "eventParams": {
      "WallsDestroyed": 0,
      "EnvelopesCollected": 1,
      "BulletsFired": 0,
      "PowerupsCollected": 0,
      "Score": 10,
      "FirstKeypressFire": 0.0,
      "FirstBulletPickupCollected": 0.0,
      "FirstMovementDetected": 0.5200357,
      "TimeOfDeath": 8.973141
    }
  }
]